timestamp_min,service,latency_ms,request_volume,error_rate_pct
0,network-gateway,41.7,1064,0.11
3,network-gateway,40.9,1056,0.14
6,network-gateway,39.4,1127,0.08
9,network-gateway,41.7,1064,0.15
12,network-gateway,43.2,1024,0.09
15,network-gateway,39.1,1049,0.09
18,network-gateway,34.7,1163,0.07
21,network-gateway,37.6,1013,0.03
24,network-gateway,40.3,1016,0.16
27,network-gateway,40.4,1049,0.15
30,network-gateway,44.6,1016,0.09
33,network-gateway,43.2,961,0.18
36,network-gateway,38.2,1064,0.12
39,network-gateway,43.1,1048,0.18
42,network-gateway,41.9,1022,0.15
45,network-gateway,39.9,1052,0.14
48,network-gateway,18.8,985,0.13
51,network-gateway,5,1168,0.07
54,network-gateway,52.2,1041,0.26
57,network-gateway,37.6,1034,0.35
60,network-gateway,41.0,1064,0.58
63,network-gateway,64.8,1099,0.66
66,network-gateway,90.9,1002,0.71
69,network-gateway,98.3,1103,0.84
72,network-gateway,86.7,1025,1.1
75,network-gateway,133.4,975,1.33
78,network-gateway,140.2,1056,1.54
81,network-gateway,103.6,1014,1.76
84,network-gateway,131.4,1051,1.97
87,network-gateway,142.3,963,2.28
90,network-gateway,138.2,963,2.48
93,network-gateway,140.6,947,2.81
96,network-gateway,157.9,1035,3.11
99,network-gateway,165.1,1002,3.44
102,network-gateway,205.9,918,3.83
105,network-gateway,178.0,939,4.23
108,network-gateway,177.8,940,4.53
111,network-gateway,203.3,982,4.84
114,network-gateway,184.0,971,5.22
117,network-gateway,235.7,979,5.64
120,network-gateway,240.1,976,6.06
123,network-gateway,245.0,975,6.59
126,network-gateway,273.1,878,7.17
129,network-gateway,299.2,803,7.53
132,network-gateway,290.1,969,7.93
135,network-gateway,312.8,928,8.44
138,network-gateway,308.4,846,8.79
141,network-gateway,344.1,894,9.41
144,network-gateway,311.1,1022,9.88
147,network-gateway,338.4,864,10.42
150,network-gateway,357.8,850,11.04
153,network-gateway,375.0,933,11.57
156,network-gateway,406.4,936,12.16
159,network-gateway,377.9,816,12.7
162,network-gateway,413.8,832,13.34
165,network-gateway,390.3,887,13.95
168,network-gateway,431.0,811,14.41
171,network-gateway,452.2,823,15.23
174,network-gateway,495.1,772,15.9
177,network-gateway,488.2,892,16.51
180,network-gateway,508.5,794,17.29
183,network-gateway,487.5,867,17.91
186,network-gateway,507.6,807,18.08
189,network-gateway,475.1,739,18.14
192,network-gateway,502.1,851,18.2
195,network-gateway,515.9,820,18.11
198,network-gateway,504.9,716,18.11
201,network-gateway,484.8,772,18.13
204,network-gateway,533.2,714,18.02
207,network-gateway,489.8,775,18.14
210,network-gateway,531.2,734,18.18
213,network-gateway,500.7,829,18.18
216,network-gateway,518.7,754,18.09
219,network-gateway,536.2,745,18.21
222,network-gateway,503.6,782,18.11
225,network-gateway,531.5,750,18.17
228,network-gateway,493.9,882,18.19
231,network-gateway,512.9,761,18.14
234,network-gateway,486.3,878,18.12
237,network-gateway,507.7,834,18.2
240,network-gateway,491.0,864,18.0
243,network-gateway,458.7,762,18.21
246,network-gateway,527.4,912,18.11
249,network-gateway,472.4,824,18.09
252,network-gateway,484.2,786,18.08
255,network-gateway,499.8,787,18.17
258,network-gateway,493.3,705,18.09
261,network-gateway,525.7,823,18.09
264,network-gateway,521.2,721,18.1
267,network-gateway,485.8,819,18.11
270,network-gateway,460.4,850,18.07
273,network-gateway,483.6,760,18.11
276,network-gateway,496.0,844,18.05
279,network-gateway,478.1,802,18.13
282,network-gateway,532.6,735,18.13
285,network-gateway,473.6,783,18.07
288,network-gateway,504.9,711,18.12
291,network-gateway,517.3,796,18.02
294,network-gateway,520.2,814,18.09
297,network-gateway,492.0,732,18.12
300,network-gateway,537.8,793,18.12
303,network-gateway,488.7,805,18.17
306,network-gateway,514.6,802,18.15
309,network-gateway,508.2,716,18.18
312,network-gateway,540.8,756,18.05
315,network-gateway,460.7,787,18.01
318,network-gateway,498.5,730,18.11
321,network-gateway,480.6,722,18.05
324,network-gateway,499.2,811,18.11
327,network-gateway,492.2,849,18.14
330,network-gateway,491.4,713,18.16
333,network-gateway,481.8,776,18.13
336,network-gateway,525.3,751,18.08
339,network-gateway,498.4,739,18.16
342,network-gateway,501.9,687,18.16
345,network-gateway,499.8,724,18.09
348,network-gateway,504.0,845,18.16
351,network-gateway,492.5,742,18.14
354,network-gateway,522.7,843,18.16
357,network-gateway,497.0,785,18.1
360,network-gateway,493.7,794,18.09
0,auth-service,61.7,515,0.16
3,auth-service,60.1,465,0.21
6,auth-service,61.5,545,0.22
9,auth-service,63.3,513,0.16
12,auth-service,54.9,489,0.14
15,auth-service,135.0,508,0.22
18,auth-service,61.5,497,0.15
21,auth-service,61.1,553,0.21
24,auth-service,57.8,480,0.16
27,auth-service,65.0,545,0.23
30,auth-service,59.6,535,0.22
33,auth-service,56.0,455,0.15
36,auth-service,63.4,548,0.24
39,auth-service,58.8,505,0.22
42,auth-service,53.1,503,0.19
45,auth-service,66.3,509,0.18
48,auth-service,63.1,493,0.25
51,auth-service,56.2,556,0.22
54,auth-service,93.7,505,0.25
57,auth-service,19.9,529,0.27
60,auth-service,78.2,482,0.22
63,auth-service,70.9,490,0.4
66,auth-service,118.8,537,0.44
69,auth-service,70.8,492,0.64
72,auth-service,102.0,522,0.68
75,auth-service,127.1,477,0.81
78,auth-service,120.4,499,0.97
81,auth-service,116.4,461,1.12
84,auth-service,127.4,488,1.37
87,auth-service,131.1,528,1.5
90,auth-service,110.2,513,1.75
93,auth-service,159.8,511,2.06
96,auth-service,192.8,511,2.3
99,auth-service,182.8,516,2.55
102,auth-service,159.8,481,2.88
105,auth-service,205.3,498,3.22
108,auth-service,203.2,548,3.4
111,auth-service,259.6,514,3.71
114,auth-service,212.3,461,4.13
117,auth-service,308.5,491,4.43
120,auth-service,255.6,474,4.88
123,auth-service,294.4,492,5.23
126,auth-service,331.8,492,5.61
129,auth-service,303.2,490,6.05
132,auth-service,366.7,397,6.5
135,auth-service,302.3,427,7.0
138,auth-service,352.3,487,7.44
141,auth-service,361.7,448,7.83
144,auth-service,369.4,462,8.36
147,auth-service,344.6,452,8.95
150,auth-service,372.7,411,9.43
153,auth-service,380.2,424,9.98
156,auth-service,442.5,437,10.41
159,auth-service,434.2,418,11.04
162,auth-service,448.2,365,11.48
165,auth-service,485.4,424,12.07
168,auth-service,496.2,428,12.79
171,auth-service,453.6,385,13.37
174,auth-service,526.3,417,13.9
177,auth-service,506.6,359,14.55
180,auth-service,544.9,380,15.19
183,auth-service,559.7,432,15.83
186,auth-service,584.0,375,16.54
189,auth-service,581.9,382,17.11
192,auth-service,656.5,382,17.66
195,auth-service,619.6,358,18.18
198,auth-service,611.5,418,18.15
201,auth-service,643.0,416,18.26
204,auth-service,632.2,373,18.28
207,auth-service,638.2,400,18.15
210,auth-service,702.9,429,18.26
213,auth-service,671.6,418,18.13
216,auth-service,617.7,384,18.28
219,auth-service,630.6,418,18.13
222,auth-service,591.1,382,18.24
225,auth-service,642.4,359,18.26
228,auth-service,645.3,366,18.19
231,auth-service,672.2,385,18.25
234,auth-service,623.5,412,18.16
237,auth-service,629.8,400,18.19
240,auth-service,638.2,429,18.29
243,auth-service,626.7,340,18.15
246,auth-service,672.4,320,18.2
249,auth-service,604.0,385,18.28
252,auth-service,603.7,397,18.13
255,auth-service,608.2,405,18.24
258,auth-service,664.2,381,18.18
261,auth-service,663.0,345,18.24
264,auth-service,618.8,422,18.22
267,auth-service,640.1,387,18.13
270,auth-service,674.4,384,18.19
273,auth-service,604.1,346,18.14
276,auth-service,646.4,381,18.22
279,auth-service,625.1,395,18.15
282,auth-service,641.3,370,18.3
285,auth-service,627.7,372,18.23
288,auth-service,618.1,390,18.21
291,auth-service,657.0,333,18.2
294,auth-service,614.2,393,18.15
297,auth-service,618.2,394,18.23
300,auth-service,614.1,405,18.21
303,auth-service,571.4,348,18.17
306,auth-service,636.5,368,18.14
309,auth-service,635.6,377,18.16
312,auth-service,652.7,373,18.23
315,auth-service,611.6,414,18.15
318,auth-service,627.5,348,18.25
321,auth-service,664.0,364,18.19
324,auth-service,605.3,365,18.24
327,auth-service,639.4,369,18.25
330,auth-service,672.3,379,18.29
333,auth-service,632.5,433,18.12
336,auth-service,638.3,362,18.31
339,auth-service,686.3,437,18.26
342,auth-service,699.8,377,18.23
345,auth-service,635.9,381,18.16
348,auth-service,619.4,351,18.13
351,auth-service,646.0,380,18.21
354,auth-service,663.3,363,18.24
357,auth-service,680.6,404,18.25
360,auth-service,624.7,393,18.25
0,session-store,34.4,461,0.41
3,session-store,36.5,442,0.31
6,session-store,32.0,445,0.34
9,session-store,34.9,412,0.33
12,session-store,35.5,403,0.36
15,session-store,35.5,423,0.32
18,session-store,36.7,464,0.32
21,session-store,37.6,443,0.22
24,session-store,33.4,411,0.39
27,session-store,35.4,435,0.38
30,session-store,33.1,409,0.29
33,session-store,34.6,422,0.36
36,session-store,33.5,444,0.4
39,session-store,38.2,440,0.36
42,session-store,36.4,437,0.32
45,session-store,37.7,461,0.45
48,session-store,35.1,431,0.37
51,session-store,35.0,438,0.35
54,session-store,62.9,428,0.36
57,session-store,41.1,430,0.37
60,session-store,36.6,399,0.43
63,session-store,55.4,438,0.5
66,session-store,53.5,379,0.52
69,session-store,56.6,418,0.63
72,session-store,49.1,396,0.83
75,session-store,79.9,431,0.99
78,session-store,53.5,396,1.04
81,session-store,60.7,409,1.28
84,session-store,67.9,372,1.44
87,session-store,78.9,396,1.67
90,session-store,81.3,428,1.91
93,session-store,75.9,421,2.15
96,session-store,109.5,401,2.44
99,session-store,131.1,423,2.73
102,session-store,97.2,386,2.98
105,session-store,111.2,424,3.3
108,session-store,120.2,341,3.58
111,session-store,128.7,387,3.93
114,session-store,170.3,418,4.24
117,session-store,132.0,372,4.73
120,session-store,167.9,361,5.02
123,session-store,198.5,368,5.42
126,session-store,177.3,365,5.82
129,session-store,202.9,360,6.21
132,session-store,195.1,374,6.67
135,session-store,191.6,384,7.05
138,session-store,220.7,345,7.58
141,session-store,236.4,394,8.02
144,session-store,221.8,346,8.48
147,session-store,243.1,354,8.97
150,session-store,244.3,340,9.51
153,session-store,243.4,376,10.08
156,session-store,273.0,367,10.57
159,session-store,309.0,355,11.14
162,session-store,286.8,326,11.72
165,session-store,325.8,366,12.26
168,session-store,338.7,324,12.77
171,session-store,315.2,320,13.44
174,session-store,318.1,373,13.97
177,session-store,344.6,331,14.68
180,session-store,333.9,319,15.26
183,session-store,355.8,346,15.97
186,session-store,389.7,343,16.63
189,session-store,378.6,284,17.28
192,session-store,399.8,331,17.88
195,session-store,393.5,307,18.36
198,session-store,399.5,282,18.24
201,session-store,381.8,306,18.28
204,session-store,391.8,310,18.4
207,session-store,398.0,334,18.41
210,session-store,395.6,340,18.44
213,session-store,431.0,338,18.4
216,session-store,381.0,317,18.27
219,session-store,413.9,304,18.38
222,session-store,390.4,340,18.36
225,session-store,429.2,346,18.31
228,session-store,394.1,318,18.35
231,session-store,385.3,328,18.38
234,session-store,399.5,340,18.32
237,session-store,409.3,288,18.37
240,session-store,395.9,303,18.34
243,session-store,425.3,294,18.32
246,session-store,413.0,334,18.43
249,session-store,383.8,336,18.39
252,session-store,380.2,345,18.38
255,session-store,410.8,288,18.33
258,session-store,388.6,301,18.32
261,session-store,407.5,332,18.41
264,session-store,401.7,330,18.44
267,session-store,425.3,340,18.41
270,session-store,411.6,323,18.36
273,session-store,393.3,327,18.39
276,session-store,401.6,306,18.31
279,session-store,396.8,304,18.31
282,session-store,401.6,295,18.31
285,session-store,407.3,296,18.38
288,session-store,443.3,298,18.31
291,session-store,387.1,336,18.44
294,session-store,403.2,307,18.35
297,session-store,418.6,299,18.43
300,session-store,411.5,304,18.36
303,session-store,407.0,312,18.24
306,session-store,406.2,341,18.35
309,session-store,419.5,326,18.37
312,session-store,405.2,322,18.44
315,session-store,382.8,288,18.38
318,session-store,414.4,289,18.4
321,session-store,402.2,319,18.39
324,session-store,412.3,295,18.34
327,session-store,408.8,330,18.35
330,session-store,376.9,336,18.33
333,session-store,419.4,302,18.41
336,session-store,401.9,330,18.29
339,session-store,403.4,340,18.34
342,session-store,406.4,317,18.29
345,session-store,421.1,316,18.31
348,session-store,373.0,273,18.35
351,session-store,405.1,299,18.35
354,session-store,401.8,284,18.35
357,session-store,373.6,307,18.39
360,session-store,380.3,325,18.29
0,inventory-service,64.3,1169,0.06
3,inventory-service,69.7,1175,0.12
6,inventory-service,71.2,1222,0.09
9,inventory-service,75.2,1154,0.11
12,inventory-service,77.0,1178,0.16
15,inventory-service,71.6,1045,0.1
18,inventory-service,71.9,1076,0.19
21,inventory-service,69.6,1036,0.01
24,inventory-service,77.4,1091,0.11
27,inventory-service,74.5,1126,0.14
30,inventory-service,63.6,1228,0.15
33,inventory-service,72.3,1093,0.1
36,inventory-service,71.5,1132,0.08
39,inventory-service,66.5,1122,0.1
42,inventory-service,66.4,1271,0.14
45,inventory-service,61.0,1323,0.09
48,inventory-service,81.6,1180,0.11
51,inventory-service,67.4,1117,0.14
54,inventory-service,64.0,1189,0.11
57,inventory-service,64.3,1095,0.13
60,inventory-service,74.8,1104,0.07
63,inventory-service,45.6,1103,0.18
66,inventory-service,79.0,1079,0.13
69,inventory-service,70.5,1117,0.31
72,inventory-service,67.8,1149,0.3
75,inventory-service,93.0,1208,0.49
78,inventory-service,129.7,1108,0.64
81,inventory-service,63.9,1175,0.7
84,inventory-service,99.6,1032,0.86
87,inventory-service,162.2,1158,1.13
90,inventory-service,118.7,996,1.2
93,inventory-service,128.8,1118,1.47
96,inventory-service,161.4,1102,1.65
99,inventory-service,177.6,1040,1.92
102,inventory-service,140.0,1318,2.18
105,inventory-service,190.4,992,2.59
108,inventory-service,188.1,1044,2.74
111,inventory-service,241.6,1018,3.04
114,inventory-service,249.4,1069,3.39
117,inventory-service,246.3,1099,3.73
120,inventory-service,245.8,1018,4.15
123,inventory-service,269.2,1027,4.37
126,inventory-service,285.7,1092,4.73
129,inventory-service,316.5,1171,5.22
132,inventory-service,299.0,966,5.62
135,inventory-service,312.3,1025,6.07
138,inventory-service,295.8,991,6.43
141,inventory-service,317.6,971,6.84
144,inventory-service,382.1,998,7.35
147,inventory-service,361.1,1031,7.84
150,inventory-service,368.8,1006,8.24
153,inventory-service,388.8,902,8.86
156,inventory-service,422.7,1028,9.24
159,inventory-service,407.9,989,9.8
162,inventory-service,440.2,1027,10.3
165,inventory-service,468.3,939,10.85
168,inventory-service,463.8,1047,11.38
171,inventory-service,469.4,949,12.13
174,inventory-service,441.2,935,12.6
177,inventory-service,556.7,954,13.24
180,inventory-service,504.4,938,13.83
183,inventory-service,584.3,853,14.42
186,inventory-service,542.0,952,15.07
189,inventory-service,623.0,930,15.7
192,inventory-service,643.2,885,16.45
195,inventory-service,595.7,946,16.96
198,inventory-service,650.7,835,17.64
201,inventory-service,665.4,878,18.09
204,inventory-service,621.9,890,18.07
207,inventory-service,639.9,846,18.2
210,inventory-service,644.5,919,18.14
213,inventory-service,641.9,821,18.13
216,inventory-service,614.8,725,18.04
219,inventory-service,642.2,781,18.17
222,inventory-service,697.5,848,18.12
225,inventory-service,640.5,793,18.15
228,inventory-service,620.7,793,18.16
231,inventory-service,719.4,897,18.12
234,inventory-service,646.8,899,18.09
237,inventory-service,657.2,740,18.17
240,inventory-service,660.3,881,18.13
243,inventory-service,639.0,808,18.1
246,inventory-service,674.8,841,18.06
249,inventory-service,651.0,787,18.09
252,inventory-service,653.6,910,18.08
255,inventory-service,672.6,860,18.1
258,inventory-service,648.5,820,18.05
261,inventory-service,665.9,824,18.17
264,inventory-service,603.3,980,18.17
267,inventory-service,649.9,824,18.09
270,inventory-service,642.5,920,18.11
273,inventory-service,666.5,938,18.18
276,inventory-service,672.9,930,18.08
279,inventory-service,635.0,806,18.1
282,inventory-service,615.6,916,18.18
285,inventory-service,689.3,871,18.16
288,inventory-service,699.4,822,18.08
291,inventory-service,674.9,857,18.05
294,inventory-service,673.6,909,18.04
297,inventory-service,703.8,819,18.16
300,inventory-service,686.2,985,18.16
303,inventory-service,590.8,873,18.22
306,inventory-service,652.4,863,18.09
309,inventory-service,672.5,864,18.18
312,inventory-service,590.2,874,18.15
315,inventory-service,652.8,895,18.14
318,inventory-service,655.3,906,18.11
321,inventory-service,604.7,828,18.16
324,inventory-service,698.5,803,18.09
327,inventory-service,643.8,836,18.14
330,inventory-service,655.2,914,18.12
333,inventory-service,680.3,855,18.11
336,inventory-service,628.7,796,18.14
339,inventory-service,643.6,924,18.01
342,inventory-service,645.5,821,18.2
345,inventory-service,648.3,946,18.12
348,inventory-service,679.0,948,18.07
351,inventory-service,621.4,849,18.04
354,inventory-service,654.5,912,18.12
357,inventory-service,668.3,900,18.11
360,inventory-service,641.9,861,18.06
0,search-service,88.1,698,0.24
3,search-service,87.3,678,0.22
6,search-service,96.9,715,0.23
9,search-service,92.1,646,0.14
12,search-service,89.5,716,0.22
15,search-service,93.0,629,0.13
18,search-service,96.0,679,0.13
21,search-service,94.8,689,0.35
24,search-service,96.8,692,0.19
27,search-service,91.3,677,0.13
30,search-service,95.0,690,0.06
33,search-service,86.6,652,0.25
36,search-service,89.8,731,0.12
39,search-service,84.2,717,0.17
42,search-service,84.3,663,0.16
45,search-service,92.9,719,0.12
48,search-service,88.4,681,0.2
51,search-service,94.5,685,0.17
54,search-service,84.0,618,0.18
57,search-service,90.1,712,0.18
60,search-service,102.1,664,0.23
63,search-service,103.3,609,0.28
66,search-service,117.7,683,0.24
69,search-service,180.4,692,0.36
72,search-service,149.3,740,0.55
75,search-service,124.8,732,0.61
78,search-service,98.1,640,0.73
81,search-service,211.9,706,0.91
84,search-service,284.4,695,1.16
87,search-service,158.9,636,1.13
90,search-service,274.6,641,1.48
93,search-service,205.7,666,1.64
96,search-service,172.9,664,1.91
99,search-service,306.8,579,2.07
102,search-service,257.6,640,2.46
105,search-service,248.5,582,2.75
108,search-service,316.0,618,3.03
111,search-service,280.8,595,3.38
114,search-service,361.9,590,3.58
117,search-service,330.9,704,4.14
120,search-service,425.8,622,4.43
123,search-service,427.9,668,4.78
126,search-service,388.6,599,5.08
129,search-service,452.6,635,5.47
132,search-service,589.3,666,5.84
135,search-service,551.9,590,6.31
138,search-service,545.9,621,6.79
141,search-service,535.2,581,7.28
144,search-service,530.7,638,7.64
147,search-service,596.8,566,8.25
150,search-service,590.7,555,8.73
153,search-service,701.0,629,9.07
156,search-service,626.7,564,9.71
159,search-service,769.7,505,10.19
162,search-service,658.4,602,10.78
165,search-service,821.6,566,11.28
168,search-service,764.9,518,11.84
171,search-service,870.6,556,12.53
174,search-service,825.2,642,13.16
177,search-service,835.8,490,13.69
180,search-service,916.5,551,14.31
183,search-service,945.5,510,14.88
186,search-service,911.4,555,15.59
189,search-service,948.9,465,16.15
192,search-service,1003.6,505,16.83
195,search-service,1050.4,517,17.58
198,search-service,1143.4,534,18.21
201,search-service,1172.9,508,18.27
204,search-service,1046.4,512,18.3
207,search-service,1117.6,484,18.31
210,search-service,1027.3,590,18.13
213,search-service,1053.0,477,18.23
216,search-service,1074.1,575,18.12
219,search-service,1039.9,560,18.29
222,search-service,1072.0,471,18.22
225,search-service,992.1,535,18.15
228,search-service,1116.7,501,18.2
231,search-service,1046.9,616,18.15
234,search-service,1110.4,497,18.17
237,search-service,1111.4,534,18.22
240,search-service,1081.1,520,18.18
243,search-service,1057.9,481,18.2
246,search-service,1053.6,540,18.2
249,search-service,1088.4,545,18.15
252,search-service,1105.2,515,18.26
255,search-service,1052.7,540,18.19
258,search-service,1152.1,547,18.31
261,search-service,1035.9,501,18.18
264,search-service,1054.0,548,18.25
267,search-service,1026.7,529,18.23
270,search-service,1070.9,558,18.17
273,search-service,1094.2,528,18.24
276,search-service,1010.0,468,18.18
279,search-service,1105.8,448,18.23
282,search-service,1022.7,585,18.21
285,search-service,1181.8,490,18.18
288,search-service,1019.9,513,18.2
291,search-service,1090.3,479,18.25
294,search-service,1027.4,487,18.17
297,search-service,1107.0,499,18.19
300,search-service,1045.3,561,18.24
303,search-service,1016.7,532,18.17
306,search-service,1028.0,465,18.2
309,search-service,1114.4,508,18.15
312,search-service,1129.0,485,18.11
315,search-service,1007.5,566,18.13
318,search-service,1128.9,540,18.17
321,search-service,1055.7,502,18.27
324,search-service,1009.2,544,18.25
327,search-service,1099.5,512,18.14
330,search-service,1018.4,489,18.15
333,search-service,1077.5,465,18.15
336,search-service,1087.5,513,18.09
339,search-service,1150.4,564,18.23
342,search-service,1043.4,517,18.14
345,search-service,1007.3,530,18.18
348,search-service,1079.7,495,18.24
351,search-service,1050.1,492,18.24
354,search-service,1078.8,528,18.08
357,search-service,1067.7,545,18.23
360,search-service,1065.3,514,18.17
0,media-upload,116.9,611,0.48
3,media-upload,123.3,702,0.43
6,media-upload,117.6,702,0.49
9,media-upload,122.5,676,0.39
12,media-upload,121.5,675,0.38
15,media-upload,113.8,616,0.37
18,media-upload,113.8,613,0.5
21,media-upload,110.2,609,0.41
24,media-upload,114.2,639,0.41
27,media-upload,122.4,662,0.41
30,media-upload,124.3,636,0.37
33,media-upload,116.6,658,0.4
36,media-upload,123.1,617,0.37
39,media-upload,101.1,539,0.37
42,media-upload,117.2,667,0.46
45,media-upload,117.7,653,0.42
48,media-upload,120.8,689,0.49
51,media-upload,128.3,641,0.35
54,media-upload,120.3,596,0.47
57,media-upload,117.0,650,0.51
60,media-upload,110.9,675,0.4
63,media-upload,35.4,663,0.46
66,media-upload,150.4,658,0.51
69,media-upload,65.8,691,0.65
72,media-upload,5,616,0.73
75,media-upload,189.2,615,0.82
78,media-upload,136.2,689,0.75
81,media-upload,231.1,614,1.07
84,media-upload,172.6,677,1.19
87,media-upload,276.9,650,1.39
90,media-upload,250.9,651,1.54
93,media-upload,282.9,602,1.79
96,media-upload,421.0,620,2.14
99,media-upload,383.1,551,2.37
102,media-upload,448.0,665,2.53
105,media-upload,450.4,567,2.78
108,media-upload,370.9,601,3.05
111,media-upload,369.8,560,3.45
114,media-upload,452.5,681,3.64
117,media-upload,509.9,605,4.07
120,media-upload,507.6,564,4.38
123,media-upload,614.9,611,4.78
126,media-upload,602.6,617,5.17
129,media-upload,542.6,569,5.49
132,media-upload,637.1,575,6.01
135,media-upload,653.3,585,6.39
138,media-upload,844.1,577,6.81
141,media-upload,803.9,608,7.29
144,media-upload,770.7,616,7.69
147,media-upload,837.0,554,8.12
150,media-upload,825.2,539,8.6
153,media-upload,924.0,557,9.16
156,media-upload,902.2,549,9.61
159,media-upload,983.4,546,10.18
162,media-upload,903.6,580,10.74
165,media-upload,1032.2,528,11.26
168,media-upload,1150.2,612,11.85
171,media-upload,1166.9,534,12.31
174,media-upload,1094.6,513,12.9
177,media-upload,1171.1,512,13.63
180,media-upload,1146.0,501,14.22
183,media-upload,1252.2,533,14.85
186,media-upload,1202.9,482,15.44
189,media-upload,1337.6,465,16.06
192,media-upload,1251.4,496,16.73
195,media-upload,1493.8,446,17.38
198,media-upload,1339.2,489,17.95
201,media-upload,1565.2,481,18.49
204,media-upload,1396.1,474,18.39
207,media-upload,1518.7,471,18.44
210,media-upload,1434.4,496,18.51
213,media-upload,1359.3,485,18.37
216,media-upload,1428.2,474,18.36
219,media-upload,1424.6,515,18.39
222,media-upload,1460.4,449,18.37
225,media-upload,1485.8,445,18.5
228,media-upload,1425.9,425,18.44
231,media-upload,1378.6,501,18.39
234,media-upload,1426.5,434,18.48
237,media-upload,1432.7,468,18.48
240,media-upload,1451.6,436,18.44
243,media-upload,1447.4,462,18.49
246,media-upload,1529.6,498,18.42
249,media-upload,1420.3,446,18.47
252,media-upload,1395.9,516,18.38
255,media-upload,1431.6,502,18.35
258,media-upload,1439.4,525,18.52
261,media-upload,1441.5,524,18.4
264,media-upload,1541.0,460,18.32
267,media-upload,1426.6,453,18.4
270,media-upload,1433.6,462,18.47
273,media-upload,1314.9,486,18.46
276,media-upload,1588.6,478,18.48
279,media-upload,1416.4,548,18.4
282,media-upload,1481.8,488,18.39
285,media-upload,1387.0,462,18.38
288,media-upload,1436.1,466,18.49
291,media-upload,1428.4,491,18.39
294,media-upload,1375.6,538,18.51
297,media-upload,1507.0,487,18.47
300,media-upload,1481.9,511,18.43
303,media-upload,1625.5,528,18.42
306,media-upload,1540.0,454,18.35
309,media-upload,1325.7,550,18.44
312,media-upload,1508.0,532,18.48
315,media-upload,1303.6,520,18.43
318,media-upload,1399.9,541,18.4
321,media-upload,1405.2,511,18.45
324,media-upload,1451.7,445,18.44
327,media-upload,1381.6,494,18.3
330,media-upload,1444.1,514,18.42
333,media-upload,1486.9,528,18.46
336,media-upload,1531.1,502,18.41
339,media-upload,1438.7,517,18.35
342,media-upload,1423.2,586,18.47
345,media-upload,1345.7,503,18.42
348,media-upload,1453.8,470,18.52
351,media-upload,1466.5,485,18.45
354,media-upload,1372.7,453,18.39
357,media-upload,1437.2,481,18.52
360,media-upload,1413.2,493,18.5
0,payments-service,103.0,661,0.39
3,payments-service,114.2,663,0.39
6,payments-service,104.0,674,0.39
9,payments-service,112.1,647,0.39
12,payments-service,114.9,634,0.36
15,payments-service,106.4,611,0.36
18,payments-service,116.5,617,0.37
21,payments-service,109.3,644,0.4
24,payments-service,123.0,584,0.36
27,payments-service,113.8,575,0.46
30,payments-service,109.2,603,0.42
33,payments-service,95.5,634,0.32
36,payments-service,109.9,639,0.41
39,payments-service,112.7,693,0.38
42,payments-service,107.7,666,0.37
45,payments-service,112.8,504,0.4
48,payments-service,109.5,614,0.34
51,payments-service,116.0,563,0.53
54,payments-service,117.6,639,0.47
57,payments-service,111.8,599,0.42
60,payments-service,99.2,646,0.43
63,payments-service,113.5,582,0.38
66,payments-service,109.2,604,0.26
69,payments-service,79.0,663,0.51
72,payments-service,84.5,613,0.45
75,payments-service,146.5,633,0.5
78,payments-service,149.4,629,0.54
81,payments-service,39.8,638,0.56
84,payments-service,175.5,667,0.67
87,payments-service,102.9,648,0.83
90,payments-service,175.9,638,1.01
93,payments-service,225.3,667,1.12
96,payments-service,210.9,649,1.44
99,payments-service,128.8,614,1.49
102,payments-service,233.9,590,1.81
105,payments-service,332.9,676,1.93
108,payments-service,368.4,609,2.21
111,payments-service,234.2,620,2.46
114,payments-service,271.2,628,2.81
117,payments-service,484.4,624,3.12
120,payments-service,418.9,547,3.26
123,payments-service,400.0,586,3.67
126,payments-service,437.1,613,3.99
129,payments-service,312.5,607,4.3
132,payments-service,495.0,605,4.73
135,payments-service,438.8,565,5.04
138,payments-service,559.6,561,5.5
141,payments-service,528.9,580,5.91
144,payments-service,497.0,573,6.27
147,payments-service,538.1,550,6.71
150,payments-service,600.9,568,7.13
153,payments-service,655.5,568,7.68
156,payments-service,582.6,544,8.12
159,payments-service,700.8,488,8.52
162,payments-service,752.7,515,9.08
165,payments-service,681.2,537,9.58
168,payments-service,804.4,583,10.13
171,payments-service,837.2,480,10.63
174,payments-service,862.6,548,11.26
177,payments-service,884.8,515,11.78
180,payments-service,918.8,562,12.33
183,payments-service,892.0,487,12.94
186,payments-service,937.4,448,13.45
189,payments-service,928.5,439,14.07
192,payments-service,1002.0,483,14.72
195,payments-service,996.6,424,15.34
198,payments-service,997.4,475,15.97
201,payments-service,1063.7,566,16.64
204,payments-service,1102.2,395,17.39
207,payments-service,1198.1,432,17.93
210,payments-service,1274.6,481,18.36
213,payments-service,1197.8,459,18.41
216,payments-service,1184.2,480,18.3
219,payments-service,1158.6,455,18.39
222,payments-service,1121.4,537,18.33
225,payments-service,1161.2,462,18.43
228,payments-service,1208.7,444,18.41
231,payments-service,1162.7,468,18.4
234,payments-service,1119.0,534,18.4
237,payments-service,1200.1,469,18.26
240,payments-service,1167.7,481,18.33
243,payments-service,1224.5,466,18.35
246,payments-service,1156.3,504,18.36
249,payments-service,1141.7,431,18.41
252,payments-service,1204.0,494,18.3
255,payments-service,1079.1,487,18.32
258,payments-service,1209.5,454,18.37
261,payments-service,1102.9,491,18.38
264,payments-service,1101.1,471,18.43
267,payments-service,1145.2,462,18.46
270,payments-service,1160.8,476,18.38
273,payments-service,1211.4,498,18.46
276,payments-service,1144.5,505,18.46
279,payments-service,1100.6,464,18.42
282,payments-service,1229.0,531,18.35
285,payments-service,1110.0,467,18.42
288,payments-service,1194.0,471,18.37
291,payments-service,1144.7,467,18.37
294,payments-service,1257.0,442,18.5
297,payments-service,1129.6,450,18.4
300,payments-service,1224.8,445,18.29
303,payments-service,1183.0,424,18.37
306,payments-service,1138.1,445,18.32
309,payments-service,1192.8,557,18.43
312,payments-service,1092.0,467,18.45
315,payments-service,1152.0,502,18.44
318,payments-service,1132.0,484,18.31
321,payments-service,1107.1,462,18.3
324,payments-service,1176.9,443,18.4
327,payments-service,1198.7,452,18.36
330,payments-service,1138.8,417,18.35
333,payments-service,1141.8,410,18.37
336,payments-service,1098.9,476,18.39
339,payments-service,1202.0,490,18.29
342,payments-service,1241.0,464,18.39
345,payments-service,1226.8,451,18.45
348,payments-service,1201.6,454,18.47
351,payments-service,1176.7,405,18.31
354,payments-service,1227.4,407,18.37
357,payments-service,1195.0,529,18.41
360,payments-service,1199.0,436,18.41
0,profile-service,52.2,548,0.19
3,profile-service,49.4,503,0.22
6,profile-service,57.1,576,0.25
9,profile-service,55.1,543,0.18
12,profile-service,55.3,510,0.21
15,profile-service,53.6,513,0.16
18,profile-service,48.0,582,0.2
21,profile-service,55.6,550,0.26
24,profile-service,57.9,544,0.23
27,profile-service,53.1,525,0.15
30,profile-service,55.0,583,0.2
33,profile-service,56.4,515,0.25
36,profile-service,58.1,585,0.2
39,profile-service,57.6,536,0.14
42,profile-service,51.4,590,0.26
45,profile-service,54.9,562,0.18
48,profile-service,58.0,603,0.25
51,profile-service,53.4,547,0.29
54,profile-service,58.6,574,0.18
57,profile-service,53.9,515,0.26
60,profile-service,61.6,554,0.21
63,profile-service,59.1,625,0.26
66,profile-service,52.5,508,0.29
69,profile-service,32.2,554,0.16
72,profile-service,86.6,575,0.23
75,profile-service,42.3,505,0.31
78,profile-service,115.5,576,0.46
81,profile-service,96.4,545,0.52
84,profile-service,99.5,555,0.58
87,profile-service,92.6,511,0.81
90,profile-service,129.0,592,0.9
93,profile-service,89.7,477,1.12
96,profile-service,134.4,536,1.19
99,profile-service,160.2,537,1.49
102,profile-service,154.2,551,1.72
105,profile-service,191.0,525,1.94
108,profile-service,174.7,505,2.18
111,profile-service,216.5,483,2.47
114,profile-service,168.8,527,2.75
117,profile-service,224.4,494,2.92
120,profile-service,232.7,533,3.39
123,profile-service,209.6,465,3.72
126,profile-service,330.1,524,4.03
129,profile-service,233.0,472,4.35
132,profile-service,268.0,513,4.8
135,profile-service,348.9,430,5.19
138,profile-service,350.0,507,5.55
141,profile-service,319.6,525,5.88
144,profile-service,314.2,467,6.42
147,profile-service,350.0,508,6.77
150,profile-service,373.1,459,7.19
153,profile-service,364.7,507,7.55
156,profile-service,457.2,483,8.22
159,profile-service,479.0,422,8.71
162,profile-service,461.6,534,9.2
165,profile-service,455.1,438,9.68
168,profile-service,505.1,428,10.24
171,profile-service,532.3,474,10.73
174,profile-service,494.3,467,11.32
177,profile-service,513.8,422,11.85
180,profile-service,581.1,480,12.49
183,profile-service,603.5,444,12.97
186,profile-service,580.4,413,13.59
189,profile-service,656.8,460,14.26
192,profile-service,682.9,365,14.87
195,profile-service,664.0,414,15.54
198,profile-service,674.6,376,16.23
201,profile-service,732.2,472,16.8
204,profile-service,735.1,368,17.55
207,profile-service,797.1,383,18.13
210,profile-service,699.8,418,18.24
213,profile-service,707.2,406,18.32
216,profile-service,764.7,380,18.1
219,profile-service,761.2,438,18.21
222,profile-service,711.9,430,18.25
225,profile-service,679.5,456,18.28
228,profile-service,730.2,475,18.26
231,profile-service,764.2,427,18.18
234,profile-service,725.1,446,18.26
237,profile-service,779.0,391,18.23
240,profile-service,741.8,430,18.14
243,profile-service,692.0,351,18.13
246,profile-service,737.7,418,18.18
249,profile-service,707.5,389,18.14
252,profile-service,760.3,387,18.26
255,profile-service,732.7,405,18.26
258,profile-service,763.6,449,18.23
261,profile-service,746.4,458,18.19
264,profile-service,741.9,399,18.22
267,profile-service,775.9,373,18.26
270,profile-service,719.9,399,18.23
273,profile-service,728.2,445,18.25
276,profile-service,821.1,386,18.19
279,profile-service,770.8,408,18.15
282,profile-service,778.8,369,18.28
285,profile-service,711.6,370,18.15
288,profile-service,755.6,337,18.2
291,profile-service,738.4,390,18.24
294,profile-service,725.3,426,18.19
297,profile-service,724.0,396,18.17
300,profile-service,758.5,419,18.2
303,profile-service,782.8,391,18.18
306,profile-service,715.9,395,18.22
309,profile-service,745.1,423,18.26
312,profile-service,714.0,423,18.24
315,profile-service,751.7,430,18.19
318,profile-service,746.7,373,18.3
321,profile-service,748.1,406,18.18
324,profile-service,775.1,385,18.12
327,profile-service,727.8,384,18.31
330,profile-service,712.3,428,18.19
333,profile-service,764.1,382,18.23
336,profile-service,802.2,422,18.23
339,profile-service,765.1,401,18.27
342,profile-service,754.2,406,18.17
345,profile-service,760.0,385,18.26
348,profile-service,723.0,335,18.22
351,profile-service,785.5,389,18.24
354,profile-service,741.1,416,18.29
357,profile-service,709.9,393,18.22
360,profile-service,714.8,431,18.2
0,chat-support,65.3,1073,0.38
3,chat-support,60.2,1088,0.33
6,chat-support,61.9,1272,0.45
9,chat-support,70.4,1216,0.39
12,chat-support,66.6,1159,0.34
15,chat-support,60.5,1205,0.33
18,chat-support,65.8,1191,0.43
21,chat-support,66.4,1084,0.42
24,chat-support,64.5,1097,0.3
27,chat-support,66.8,1064,0.31
30,chat-support,71.8,1084,0.37
33,chat-support,65.3,1158,0.34
36,chat-support,62.2,1200,0.38
39,chat-support,64.9,1029,0.37
42,chat-support,68.3,1111,0.35
45,chat-support,66.5,1188,0.41
48,chat-support,62.8,1197,0.48
51,chat-support,69.6,1063,0.54
54,chat-support,59.8,1083,0.41
57,chat-support,64.6,1174,0.46
60,chat-support,68.6,1102,0.4
63,chat-support,68.9,1214,0.45
66,chat-support,68.2,1194,0.37
69,chat-support,59.9,1178,0.37
72,chat-support,43.1,1131,0.38
75,chat-support,98.9,1152,0.45
78,chat-support,26.8,1192,0.54
81,chat-support,115.1,1101,0.54
84,chat-support,76.5,1131,0.59
87,chat-support,108.4,1114,0.74
90,chat-support,120.6,1120,0.92
93,chat-support,114.3,1131,1.02
96,chat-support,72.0,1060,1.17
99,chat-support,179.3,1122,1.43
102,chat-support,162.0,1216,1.62
105,chat-support,128.2,1128,1.79
108,chat-support,152.0,1012,2.1
111,chat-support,209.5,1163,2.29
114,chat-support,254.3,1071,2.67
117,chat-support,191.3,1098,2.88
120,chat-support,270.1,1108,3.2
123,chat-support,278.2,1051,3.42
126,chat-support,354.4,1121,3.76
129,chat-support,228.1,1054,4.15
132,chat-support,276.7,1053,4.46
135,chat-support,276.6,966,4.8
138,chat-support,362.9,1011,5.17
141,chat-support,317.1,1049,5.58
144,chat-support,374.2,1063,6.1
147,chat-support,389.4,1066,6.4
150,chat-support,421.2,1051,6.92
153,chat-support,375.0,1024,7.35
156,chat-support,440.9,998,7.86
159,chat-support,479.0,1071,8.34
162,chat-support,496.7,1010,8.82
165,chat-support,466.3,944,9.34
168,chat-support,496.9,940,9.82
171,chat-support,596.1,967,10.35
174,chat-support,509.2,904,10.85
177,chat-support,552.8,919,11.38
180,chat-support,543.9,971,11.96
183,chat-support,629.4,966,12.57
186,chat-support,609.6,949,13.17
189,chat-support,645.5,914,13.73
192,chat-support,693.4,962,14.38
195,chat-support,727.7,800,14.97
198,chat-support,676.7,893,15.66
201,chat-support,743.1,995,16.26
204,chat-support,707.5,833,16.92
207,chat-support,786.0,893,17.55
210,chat-support,816.9,830,18.31
213,chat-support,819.9,949,18.41
216,chat-support,801.7,870,18.35
219,chat-support,786.6,915,18.44
222,chat-support,807.1,978,18.35
225,chat-support,797.8,951,18.4
228,chat-support,807.6,800,18.35
231,chat-support,806.8,914,18.35
234,chat-support,803.2,752,18.35
237,chat-support,751.3,894,18.41
240,chat-support,782.4,896,18.32
243,chat-support,796.8,832,18.4
246,chat-support,818.9,883,18.44
249,chat-support,822.9,881,18.41
252,chat-support,735.0,976,18.35
255,chat-support,790.4,789,18.48
258,chat-support,779.4,817,18.42
261,chat-support,818.0,820,18.46
264,chat-support,781.7,861,18.4
267,chat-support,804.8,866,18.49
270,chat-support,820.4,812,18.34
273,chat-support,754.8,855,18.41
276,chat-support,791.5,971,18.43
279,chat-support,827.2,854,18.37
282,chat-support,840.3,833,18.39
285,chat-support,817.6,879,18.36
288,chat-support,839.2,728,18.46
291,chat-support,754.7,825,18.46
294,chat-support,809.5,769,18.45
297,chat-support,761.3,884,18.42
300,chat-support,845.7,899,18.47
303,chat-support,807.1,915,18.45
306,chat-support,863.2,872,18.39
309,chat-support,778.0,770,18.5
312,chat-support,778.3,873,18.43
315,chat-support,848.0,836,18.44
318,chat-support,817.7,954,18.42
321,chat-support,809.0,907,18.37
324,chat-support,858.9,946,18.36
327,chat-support,757.4,801,18.38
330,chat-support,759.0,874,18.25
333,chat-support,856.1,795,18.25
336,chat-support,827.0,841,18.41
339,chat-support,863.2,900,18.33
342,chat-support,772.3,864,18.38
345,chat-support,850.8,852,18.32
348,chat-support,827.4,868,18.36
351,chat-support,783.2,836,18.36
354,chat-support,759.4,879,18.36
357,chat-support,819.5,952,18.33
360,chat-support,805.6,901,18.44
0,recommendation-engine,105.8,520,0.53
3,recommendation-engine,100.6,530,0.48
6,recommendation-engine,102.3,517,0.5
9,recommendation-engine,101.3,489,0.34
12,recommendation-engine,100.0,521,0.46
15,recommendation-engine,98.1,460,0.48
18,recommendation-engine,107.3,480,0.48
21,recommendation-engine,99.2,495,0.53
24,recommendation-engine,93.7,485,0.46
27,recommendation-engine,97.1,524,0.4
30,recommendation-engine,94.9,503,0.51
33,recommendation-engine,108.7,538,0.54
36,recommendation-engine,99.1,471,0.47
39,recommendation-engine,104.8,543,0.46
42,recommendation-engine,107.1,462,0.51
45,recommendation-engine,104.5,488,0.49
48,recommendation-engine,108.3,513,0.53
51,recommendation-engine,101.9,482,0.46
54,recommendation-engine,94.3,509,0.49
57,recommendation-engine,102.3,519,0.49
60,recommendation-engine,104.5,500,0.58
63,recommendation-engine,99.1,531,0.54
66,recommendation-engine,95.7,448,0.44
69,recommendation-engine,96.7,512,0.58
72,recommendation-engine,53.4,452,0.51
75,recommendation-engine,116.1,512,0.65
78,recommendation-engine,112.9,499,0.54
81,recommendation-engine,160.0,510,0.73
84,recommendation-engine,170.4,484,0.8
87,recommendation-engine,138.2,487,0.92
90,recommendation-engine,117.7,452,1.03
93,recommendation-engine,229.6,488,1.2
96,recommendation-engine,255.3,484,1.41
99,recommendation-engine,169.6,463,1.52
102,recommendation-engine,191.3,471,1.74
105,recommendation-engine,252.9,460,1.97
108,recommendation-engine,251.4,483,2.28
111,recommendation-engine,228.5,504,2.6
114,recommendation-engine,326.0,469,2.81
117,recommendation-engine,291.7,494,3.09
120,recommendation-engine,273.2,491,3.32
123,recommendation-engine,334.5,446,3.62
126,recommendation-engine,331.1,477,3.99
129,recommendation-engine,382.3,430,4.3
132,recommendation-engine,418.0,439,4.7
135,recommendation-engine,396.0,495,5.02
138,recommendation-engine,411.7,446,5.45
141,recommendation-engine,429.2,451,5.86
144,recommendation-engine,464.1,412,6.24
147,recommendation-engine,463.2,450,6.63
150,recommendation-engine,573.9,445,7.11
153,recommendation-engine,591.0,391,7.63
156,recommendation-engine,608.0,452,8.05
159,recommendation-engine,628.0,393,8.55
162,recommendation-engine,616.6,477,8.91
165,recommendation-engine,679.9,436,9.49
168,recommendation-engine,694.4,424,9.98
171,recommendation-engine,649.9,455,10.64
174,recommendation-engine,677.2,418,11.05
177,recommendation-engine,787.2,384,11.63
180,recommendation-engine,732.2,397,12.21
183,recommendation-engine,835.0,440,12.79
186,recommendation-engine,813.6,379,13.32
189,recommendation-engine,846.3,411,14.03
192,recommendation-engine,985.2,363,14.57
195,recommendation-engine,841.1,365,15.22
198,recommendation-engine,917.2,463,15.87
201,recommendation-engine,939.4,363,16.53
204,recommendation-engine,956.0,395,17.22
207,recommendation-engine,952.8,389,17.84
210,recommendation-engine,1025.1,399,18.5
213,recommendation-engine,1053.5,329,18.49
216,recommendation-engine,1032.6,395,18.5
219,recommendation-engine,1077.8,378,18.48
222,recommendation-engine,1096.4,383,18.51
225,recommendation-engine,999.1,341,18.46
228,recommendation-engine,965.8,373,18.44
231,recommendation-engine,986.1,410,18.55
234,recommendation-engine,1089.3,397,18.57
237,recommendation-engine,1037.0,405,18.56
240,recommendation-engine,1049.5,346,18.43
243,recommendation-engine,1011.3,402,18.49
246,recommendation-engine,1038.0,370,18.4
249,recommendation-engine,1078.9,399,18.56
252,recommendation-engine,1056.1,368,18.45
255,recommendation-engine,1035.4,360,18.52
258,recommendation-engine,982.4,435,18.53
261,recommendation-engine,1005.9,347,18.53
264,recommendation-engine,1021.5,413,18.54
267,recommendation-engine,1006.8,384,18.47
270,recommendation-engine,951.9,387,18.53
273,recommendation-engine,1029.3,401,18.49
276,recommendation-engine,1061.2,377,18.48
279,recommendation-engine,1054.4,376,18.45
282,recommendation-engine,962.5,395,18.45
285,recommendation-engine,1025.0,419,18.54
288,recommendation-engine,1055.1,371,18.44
291,recommendation-engine,1074.4,374,18.35
294,recommendation-engine,1001.2,398,18.52
297,recommendation-engine,1100.6,384,18.49
300,recommendation-engine,961.0,367,18.53
303,recommendation-engine,1049.7,383,18.54
306,recommendation-engine,993.0,368,18.51
309,recommendation-engine,938.5,411,18.5
312,recommendation-engine,1011.4,363,18.54
315,recommendation-engine,927.5,352,18.47
318,recommendation-engine,1005.0,345,18.52
321,recommendation-engine,1020.2,354,18.53
324,recommendation-engine,1063.9,340,18.52
327,recommendation-engine,1018.0,375,18.51
330,recommendation-engine,1004.5,384,18.48
333,recommendation-engine,984.8,377,18.58
336,recommendation-engine,982.9,395,18.46
339,recommendation-engine,1016.1,398,18.48
342,recommendation-engine,1062.1,394,18.55
345,recommendation-engine,1057.3,393,18.51
348,recommendation-engine,1045.5,402,18.43
351,recommendation-engine,1033.6,410,18.5
354,recommendation-engine,1073.1,396,18.45
357,recommendation-engine,1077.7,398,18.46
360,recommendation-engine,993.4,408,18.55
0,checkout-service,141.1,968,0.0
3,checkout-service,135.6,1102,0.19
6,checkout-service,144.3,1108,0.15
9,checkout-service,140.8,985,0.12
12,checkout-service,141.8,1210,0.07
15,checkout-service,150.6,1017,0.18
18,checkout-service,141.1,1137,0.14
21,checkout-service,145.7,1097,0.07
24,checkout-service,350.6,1088,0.16
27,checkout-service,366.1,1062,0.17
30,checkout-service,141.3,1083,0.09
33,checkout-service,143.3,1131,0.12
36,checkout-service,128.7,1167,0.13
39,checkout-service,148.3,1094,0.09
42,checkout-service,156.3,1033,0.02
45,checkout-service,156.8,1105,0.08
48,checkout-service,135.1,982,0.2
51,checkout-service,145.9,1119,0.14
54,checkout-service,132.3,1117,0.16
57,checkout-service,121.5,1124,0.14
60,checkout-service,140.9,1043,0.09
63,checkout-service,136.2,1111,0.08
66,checkout-service,146.4,1063,0.08
69,checkout-service,149.8,1083,0.13
72,checkout-service,129.1,1175,0.03
75,checkout-service,140.8,1079,0.07
78,checkout-service,137.7,1159,0.19
81,checkout-service,138.0,1072,0.01
84,checkout-service,75.8,1041,0.12
87,checkout-service,282.0,1208,0.19
90,checkout-service,117.5,1077,0.25
93,checkout-service,247.4,980,0.26
96,checkout-service,182.5,1076,0.52
99,checkout-service,344.9,1178,0.54
102,checkout-service,77.0,1027,0.68
105,checkout-service,380.7,1009,0.81
108,checkout-service,225.2,1095,0.86
111,checkout-service,489.4,983,1.15
114,checkout-service,422.7,1079,1.37
117,checkout-service,377.6,1123,1.59
120,checkout-service,409.4,1000,1.8
123,checkout-service,349.1,1042,2.06
126,checkout-service,544.4,987,2.36
129,checkout-service,666.9,1051,2.66
132,checkout-service,459.0,1074,3.01
135,checkout-service,767.0,1072,3.33
138,checkout-service,571.3,1019,3.52
141,checkout-service,662.7,1019,3.9
144,checkout-service,669.3,1074,4.25
147,checkout-service,589.7,981,4.64
150,checkout-service,649.3,1023,5.17
153,checkout-service,769.3,980,5.4
156,checkout-service,761.2,972,5.85
159,checkout-service,872.7,1001,6.26
162,checkout-service,863.8,1002,6.73
165,checkout-service,1106.3,1040,7.05
168,checkout-service,1162.0,1015,7.66
171,checkout-service,1148.5,989,8.03
174,checkout-service,1043.5,894,8.57
177,checkout-service,1200.9,1017,9.13
180,checkout-service,1222.8,898,9.61
183,checkout-service,1230.4,969,10.03
186,checkout-service,1153.8,902,10.6
189,checkout-service,1408.2,785,11.13
192,checkout-service,1519.3,986,11.79
195,checkout-service,1434.6,912,12.34
198,checkout-service,1495.2,862,12.95
201,checkout-service,1543.6,845,13.44
204,checkout-service,1629.6,865,14.18
207,checkout-service,1605.7,826,14.76
210,checkout-service,1691.8,827,15.35
213,checkout-service,1650.2,807,16.1
216,checkout-service,1832.4,823,16.78
219,checkout-service,1921.4,788,17.42
222,checkout-service,1907.2,836,18.06
225,checkout-service,1903.5,750,18.11
228,checkout-service,1847.6,838,18.12
231,checkout-service,1927.0,868,18.09
234,checkout-service,1864.9,849,18.1
237,checkout-service,1934.4,777,18.04
240,checkout-service,1913.8,748,18.17
243,checkout-service,1801.2,702,18.03
246,checkout-service,2161.8,754,18.09
249,checkout-service,1923.9,879,18.15
252,checkout-service,2020.0,870,18.03
255,checkout-service,1900.8,820,18.04
258,checkout-service,1947.3,818,18.17
261,checkout-service,2064.9,890,18.16
264,checkout-service,1861.3,844,18.04
267,checkout-service,1999.1,821,18.09
270,checkout-service,1933.0,879,18.1
273,checkout-service,1924.2,773,18.09
276,checkout-service,1987.6,825,18.08
279,checkout-service,1876.7,711,18.12
282,checkout-service,1830.9,827,18.15
285,checkout-service,1875.2,901,18.03
288,checkout-service,1992.0,779,18.1
291,checkout-service,1892.1,810,18.07
294,checkout-service,1993.1,786,18.14
297,checkout-service,2169.6,849,18.04
300,checkout-service,1869.9,795,18.02
303,checkout-service,1943.1,733,18.1
306,checkout-service,1874.9,851,18.11
309,checkout-service,2012.4,807,18.1
312,checkout-service,1984.7,726,18.15
315,checkout-service,2035.2,828,18.07
318,checkout-service,2063.8,778,18.02
321,checkout-service,2047.5,905,18.15
324,checkout-service,1915.0,792,18.09
327,checkout-service,1920.7,754,18.22
330,checkout-service,1911.5,751,18.15
333,checkout-service,2047.0,837,18.08
336,checkout-service,1885.6,796,18.14
339,checkout-service,1968.9,860,18.08
342,checkout-service,1992.4,839,18.1
345,checkout-service,1885.7,773,18.12
348,checkout-service,1940.9,846,18.09
351,checkout-service,1945.8,839,18.07
354,checkout-service,1907.7,828,18.03
357,checkout-service,1974.1,830,18.08
360,checkout-service,1867.6,777,18.14
0,billing-service,87.4,1117,0.59
3,billing-service,93.0,1074,0.37
6,billing-service,91.8,1160,0.45
9,billing-service,102.1,1236,0.55
12,billing-service,91.9,1073,0.52
15,billing-service,93.4,1095,0.51
18,billing-service,99.0,1209,0.45
21,billing-service,99.9,1127,0.48
24,billing-service,87.0,1186,0.4
27,billing-service,93.6,1162,0.46
30,billing-service,95.8,1123,0.51
33,billing-service,95.9,1079,0.52
36,billing-service,96.9,1200,0.42
39,billing-service,91.2,1232,0.52
42,billing-service,88.2,1109,0.53
45,billing-service,89.8,1107,0.55
48,billing-service,94.1,1100,0.58
51,billing-service,86.6,1103,0.42
54,billing-service,99.0,1117,0.49
57,billing-service,93.8,1138,0.56
60,billing-service,91.9,1080,0.51
63,billing-service,87.9,1175,0.52
66,billing-service,91.8,1179,0.5
69,billing-service,103.1,1225,0.51
72,billing-service,89.5,1072,0.51
75,billing-service,103.9,1215,0.58
78,billing-service,87.0,1157,0.5
81,billing-service,97.0,1184,0.45
84,billing-service,93.9,1124,0.49
87,billing-service,60.8,1041,0.47
90,billing-service,206.1,1003,0.62
93,billing-service,131.8,1321,0.63
96,billing-service,138.9,1133,0.76
99,billing-service,133.7,1114,0.73
102,billing-service,216.8,1170,0.91
105,billing-service,122.1,1114,1.13
108,billing-service,216.6,1099,1.19
111,billing-service,242.8,1228,1.37
114,billing-service,357.4,1109,1.59
117,billing-service,237.2,1108,1.76
120,billing-service,288.8,1186,2.08
123,billing-service,289.5,1129,2.22
126,billing-service,298.3,1031,2.54
129,billing-service,316.5,1130,2.88
132,billing-service,277.0,1099,3.16
135,billing-service,373.9,980,3.5
138,billing-service,332.7,1132,3.75
141,billing-service,367.6,1056,3.9
144,billing-service,416.3,1047,4.4
147,billing-service,426.6,970,4.76
150,billing-service,458.1,988,5.05
153,billing-service,497.3,995,5.58
156,billing-service,512.0,951,5.92
159,billing-service,575.2,1052,6.28
162,billing-service,592.6,1030,6.67
165,billing-service,574.0,989,7.19
168,billing-service,668.8,1046,7.58
171,billing-service,651.7,896,8.11
174,billing-service,683.5,980,8.69
177,billing-service,691.3,1030,9.14
180,billing-service,757.8,1003,9.55
183,billing-service,688.5,1015,10.01
186,billing-service,783.2,1055,10.73
189,billing-service,844.5,1064,11.18
192,billing-service,874.5,931,11.71
195,billing-service,810.8,888,12.24
198,billing-service,903.3,902,12.92
201,billing-service,834.5,878,13.47
204,billing-service,889.1,997,14.17
207,billing-service,991.6,834,14.73
210,billing-service,992.7,1034,15.37
213,billing-service,934.7,782,16.03
216,billing-service,1033.0,889,16.66
219,billing-service,1052.0,897,17.22
222,billing-service,1062.5,892,18.03
225,billing-service,1119.5,785,18.48
228,billing-service,1142.0,890,18.52
231,billing-service,1154.7,860,18.53
234,billing-service,1153.2,946,18.48
237,billing-service,1058.2,809,18.44
240,billing-service,1217.8,926,18.56
243,billing-service,1118.8,989,18.48
246,billing-service,1113.2,735,18.53
249,billing-service,1059.9,858,18.55
252,billing-service,1110.9,853,18.53
255,billing-service,1192.2,829,18.53
258,billing-service,1203.2,862,18.56
261,billing-service,1140.2,840,18.48
264,billing-service,1145.9,873,18.47
267,billing-service,1060.5,862,18.48
270,billing-service,1180.8,868,18.56
273,billing-service,1134.5,782,18.41
276,billing-service,1114.4,829,18.4
279,billing-service,1116.7,931,18.48
282,billing-service,1172.2,888,18.42
285,billing-service,1146.4,970,18.48
288,billing-service,1147.1,918,18.48
291,billing-service,1103.1,769,18.41
294,billing-service,1184.3,891,18.5
297,billing-service,1158.0,846,18.48
300,billing-service,1164.2,900,18.57
303,billing-service,1114.9,853,18.52
306,billing-service,1086.0,892,18.53
309,billing-service,1085.9,847,18.5
312,billing-service,1133.1,761,18.48
315,billing-service,1177.4,887,18.51
318,billing-service,1134.9,945,18.56
321,billing-service,1100.5,817,18.41
324,billing-service,1200.8,882,18.5
327,billing-service,1204.9,741,18.52
330,billing-service,1176.5,892,18.53
333,billing-service,1164.5,885,18.45
336,billing-service,1205.3,879,18.48
339,billing-service,1139.0,887,18.59
342,billing-service,1175.9,955,18.49
345,billing-service,1252.7,840,18.49
348,billing-service,1083.2,875,18.44
351,billing-service,1166.3,906,18.54
354,billing-service,1090.3,746,18.55
357,billing-service,1155.6,914,18.45
360,billing-service,1139.9,861,18.5
0,notifications-service,85.9,994,0.49
3,notifications-service,76.8,987,0.37
6,notifications-service,78.8,927,0.41
9,notifications-service,75.5,861,0.51
12,notifications-service,79.0,949,0.47
15,notifications-service,85.1,1022,0.43
18,notifications-service,80.9,914,0.49
21,notifications-service,80.1,1001,0.49
24,notifications-service,83.8,983,0.45
27,notifications-service,74.0,973,0.53
30,notifications-service,77.9,925,0.48
33,notifications-service,88.0,908,0.33
36,notifications-service,77.0,962,0.44
39,notifications-service,78.8,933,0.42
42,notifications-service,76.0,975,0.48
45,notifications-service,72.4,1033,0.47
48,notifications-service,82.7,944,0.46
51,notifications-service,74.6,1033,0.52
54,notifications-service,78.9,894,0.43
57,notifications-service,82.8,939,0.41
60,notifications-service,80.8,916,0.52
63,notifications-service,84.5,989,0.41
66,notifications-service,81.0,1011,0.34
69,notifications-service,81.0,1025,0.54
72,notifications-service,75.4,971,0.5
75,notifications-service,85.8,869,0.35
78,notifications-service,80.7,981,0.44
81,notifications-service,78.4,1019,0.52
84,notifications-service,77.2,965,0.39
87,notifications-service,88.3,890,0.4
90,notifications-service,75.7,907,0.51
93,notifications-service,91.1,970,0.43
96,notifications-service,54.7,1022,0.45
99,notifications-service,63.4,947,0.39
102,notifications-service,117.0,866,0.46
105,notifications-service,83.2,948,0.58
108,notifications-service,103.1,869,0.68
111,notifications-service,125.2,862,0.78
114,notifications-service,91.3,948,0.96
117,notifications-service,141.8,965,1.03
120,notifications-service,182.2,983,1.23
123,notifications-service,195.1,983,1.32
126,notifications-service,173.0,943,1.47
129,notifications-service,198.5,889,1.83
132,notifications-service,133.3,1013,2.06
135,notifications-service,205.5,884,2.27
138,notifications-service,204.5,936,2.43
141,notifications-service,265.9,907,2.77
144,notifications-service,229.9,922,3.06
147,notifications-service,281.7,879,3.4
150,notifications-service,261.7,886,3.66
153,notifications-service,283.2,931,4.06
156,notifications-service,287.8,916,4.36
159,notifications-service,290.1,856,4.76
162,notifications-service,303.8,915,5.12
165,notifications-service,342.0,923,5.54
168,notifications-service,322.9,846,5.96
171,notifications-service,308.1,899,6.19
174,notifications-service,430.0,833,6.74
177,notifications-service,398.5,868,7.17
180,notifications-service,475.4,743,7.63
183,notifications-service,433.4,800,8.23
186,notifications-service,456.8,799,8.62
189,notifications-service,458.4,912,9.11
192,notifications-service,577.5,786,9.54
195,notifications-service,552.6,780,10.16
198,notifications-service,476.5,765,10.65
201,notifications-service,602.9,815,11.21
204,notifications-service,570.7,793,11.72
207,notifications-service,619.1,839,12.4
210,notifications-service,587.9,868,12.87
213,notifications-service,587.4,791,13.52
216,notifications-service,664.9,790,14.12
219,notifications-service,713.7,798,14.72
222,notifications-service,717.2,723,15.34
225,notifications-service,779.0,697,16.02
228,notifications-service,766.6,735,16.65
231,notifications-service,669.6,693,17.38
234,notifications-service,778.1,849,17.95
237,notifications-service,781.4,622,18.41
240,notifications-service,802.1,706,18.34
243,notifications-service,826.4,701,18.5
246,notifications-service,765.6,731,18.46
249,notifications-service,755.2,738,18.56
252,notifications-service,798.2,667,18.44
255,notifications-service,778.9,687,18.45
258,notifications-service,828.4,816,18.41
261,notifications-service,803.8,746,18.41
264,notifications-service,807.6,640,18.56
267,notifications-service,783.6,711,18.4
270,notifications-service,797.8,697,18.54
273,notifications-service,790.6,739,18.43
276,notifications-service,783.0,732,18.5
279,notifications-service,732.5,829,18.5
282,notifications-service,778.2,629,18.51
285,notifications-service,807.2,698,18.37
288,notifications-service,809.2,673,18.49
291,notifications-service,816.0,739,18.41
294,notifications-service,773.9,721,18.45
297,notifications-service,869.7,745,18.4
300,notifications-service,730.9,670,18.48
303,notifications-service,768.5,746,18.48
306,notifications-service,793.1,716,18.38
309,notifications-service,757.4,680,18.41
312,notifications-service,775.9,656,18.44
315,notifications-service,777.8,757,18.46
318,notifications-service,781.8,738,18.48
321,notifications-service,816.3,694,18.48
324,notifications-service,766.9,637,18.44
327,notifications-service,805.5,719,18.39
330,notifications-service,755.4,702,18.41
333,notifications-service,744.4,770,18.49
336,notifications-service,787.5,672,18.44
339,notifications-service,790.1,737,18.44
342,notifications-service,812.2,757,18.55
345,notifications-service,745.8,660,18.44
348,notifications-service,767.3,758,18.49
351,notifications-service,826.7,767,18.42
354,notifications-service,817.9,759,18.35
357,notifications-service,754.1,677,18.51
360,notifications-service,810.9,734,18.55
0,shipping-service,85.4,501,0.28
3,shipping-service,86.5,473,0.19
6,shipping-service,92.8,508,0.27
9,shipping-service,83.5,522,0.33
12,shipping-service,83.2,488,0.3
15,shipping-service,87.6,522,0.3
18,shipping-service,85.3,446,0.3
21,shipping-service,83.3,501,0.25
24,shipping-service,83.7,497,0.34
27,shipping-service,75.0,510,0.26
30,shipping-service,88.2,513,0.27
33,shipping-service,81.2,478,0.26
36,shipping-service,84.2,487,0.28
39,shipping-service,88.3,478,0.38
42,shipping-service,71.6,473,0.3
45,shipping-service,87.1,450,0.27
48,shipping-service,80.5,513,0.15
51,shipping-service,89.7,498,0.31
54,shipping-service,82.4,500,0.27
57,shipping-service,87.5,501,0.27
60,shipping-service,87.1,497,0.28
63,shipping-service,77.1,482,0.27
66,shipping-service,83.8,499,0.26
69,shipping-service,91.8,463,0.4
72,shipping-service,78.9,499,0.25
75,shipping-service,94.7,492,0.29
78,shipping-service,88.1,465,0.26
81,shipping-service,82.1,517,0.27
84,shipping-service,89.3,505,0.26
87,shipping-service,83.2,504,0.31
90,shipping-service,83.0,482,0.39
93,shipping-service,78.6,550,0.32
96,shipping-service,81.4,516,0.3
99,shipping-service,113.6,455,0.26
102,shipping-service,75.2,478,0.32
105,shipping-service,58.8,503,0.31
108,shipping-service,73.9,487,0.43
111,shipping-service,109.2,513,0.5
114,shipping-service,127.6,487,0.7
117,shipping-service,165.6,477,0.76
120,shipping-service,127.4,472,0.99
123,shipping-service,162.1,434,1.11
126,shipping-service,144.6,477,1.21
129,shipping-service,105.4,456,1.52
132,shipping-service,216.4,459,1.67
135,shipping-service,196.6,471,1.82
138,shipping-service,193.1,503,2.14
141,shipping-service,219.2,437,2.49
144,shipping-service,219.2,431,2.65
147,shipping-service,277.1,437,2.95
150,shipping-service,319.2,452,3.22
153,shipping-service,293.5,461,3.72
156,shipping-service,272.1,486,4.07
159,shipping-service,310.5,460,4.29
162,shipping-service,308.0,477,4.68
165,shipping-service,296.1,415,5.1
168,shipping-service,364.3,446,5.42
171,shipping-service,416.0,415,5.89
174,shipping-service,383.3,406,6.32
177,shipping-service,384.2,454,6.72
180,shipping-service,419.9,411,7.07
183,shipping-service,429.2,456,7.58
186,shipping-service,412.2,426,8.11
189,shipping-service,454.6,417,8.73
192,shipping-service,495.2,429,9.07
195,shipping-service,534.5,406,9.57
198,shipping-service,561.3,386,10.13
201,shipping-service,559.9,392,10.66
204,shipping-service,560.6,402,11.14
207,shipping-service,557.6,414,11.76
210,shipping-service,609.2,352,12.3
213,shipping-service,699.0,386,12.8
216,shipping-service,626.2,385,13.52
219,shipping-service,641.5,375,14.08
222,shipping-service,721.0,396,14.74
225,shipping-service,701.1,390,15.4
228,shipping-service,761.3,402,16.07
231,shipping-service,766.4,408,16.68
234,shipping-service,806.9,388,17.4
237,shipping-service,780.8,358,18.05
240,shipping-service,834.0,377,18.27
243,shipping-service,823.5,353,18.35
246,shipping-service,808.4,367,18.28
249,shipping-service,770.6,337,18.31
252,shipping-service,790.8,393,18.37
255,shipping-service,829.1,353,18.33
258,shipping-service,867.5,354,18.33
261,shipping-service,837.4,358,18.3
264,shipping-service,866.1,397,18.24
267,shipping-service,789.2,392,18.27
270,shipping-service,843.5,378,18.32
273,shipping-service,823.3,399,18.22
276,shipping-service,853.1,359,18.2
279,shipping-service,895.2,355,18.31
282,shipping-service,810.5,322,18.4
285,shipping-service,777.4,337,18.21
288,shipping-service,794.0,326,18.27
291,shipping-service,801.7,424,18.21
294,shipping-service,880.3,400,18.3
297,shipping-service,849.4,353,18.31
300,shipping-service,876.8,391,18.27
303,shipping-service,885.7,332,18.2
306,shipping-service,821.3,341,18.37
309,shipping-service,862.5,314,18.22
312,shipping-service,854.9,334,18.34
315,shipping-service,841.9,332,18.22
318,shipping-service,776.8,339,18.27
321,shipping-service,830.6,368,18.23
324,shipping-service,824.5,353,18.21
327,shipping-service,824.4,376,18.3
330,shipping-service,891.7,358,18.28
333,shipping-service,792.6,326,18.25
336,shipping-service,828.4,347,18.23
339,shipping-service,823.4,351,18.24
342,shipping-service,883.8,325,18.3
345,shipping-service,893.9,349,18.23
348,shipping-service,894.2,330,18.29
351,shipping-service,849.3,388,18.24
354,shipping-service,854.0,379,18.29
357,shipping-service,817.8,341,18.32
360,shipping-service,815.1,355,18.26
0,analytics-ingest,72.2,1012,0.14
3,analytics-ingest,72.6,1004,0.22
6,analytics-ingest,70.2,1044,0.18
9,analytics-ingest,72.9,957,0.15
12,analytics-ingest,76.4,994,0.22
15,analytics-ingest,67.7,930,0.13
18,analytics-ingest,80.0,997,0.18
21,analytics-ingest,77.7,1036,0.15
24,analytics-ingest,68.6,986,0.1
27,analytics-ingest,74.7,965,0.19
30,analytics-ingest,75.9,985,0.21
33,analytics-ingest,87.8,911,0.3
36,analytics-ingest,70.6,936,0.13
39,analytics-ingest,78.3,1014,0.15
42,analytics-ingest,72.4,965,0.21
45,analytics-ingest,80.6,991,0.14
48,analytics-ingest,73.3,888,0.18
51,analytics-ingest,76.7,985,0.15
54,analytics-ingest,80.0,1019,0.2
57,analytics-ingest,77.3,1011,0.24
60,analytics-ingest,68.8,1002,0.06
63,analytics-ingest,73.1,1104,0.11
66,analytics-ingest,70.0,1000,0.22
69,analytics-ingest,78.1,976,0.26
72,analytics-ingest,74.7,1061,0.26
75,analytics-ingest,70.6,928,0.2
78,analytics-ingest,75.8,1005,0.19
81,analytics-ingest,74.5,1082,0.03
84,analytics-ingest,80.7,1016,0.17
87,analytics-ingest,70.6,1065,0.12
90,analytics-ingest,75.5,1061,0.09
93,analytics-ingest,76.4,1019,0.2
96,analytics-ingest,96.5,1056,0.16
99,analytics-ingest,44.0,968,0.26
102,analytics-ingest,48.8,978,0.32
105,analytics-ingest,62.5,904,0.39
108,analytics-ingest,90.1,950,0.3
111,analytics-ingest,122.9,967,0.6
114,analytics-ingest,109.2,942,0.71
117,analytics-ingest,245.2,990,0.72
120,analytics-ingest,116.2,1054,0.94
123,analytics-ingest,132.7,963,1.2
126,analytics-ingest,179.6,989,1.44
129,analytics-ingest,174.1,1004,1.6
132,analytics-ingest,236.7,949,1.78
135,analytics-ingest,235.1,921,2.01
138,analytics-ingest,275.3,997,2.19
141,analytics-ingest,246.5,1023,2.59
144,analytics-ingest,311.9,894,2.73
147,analytics-ingest,251.5,951,3.06
150,analytics-ingest,344.6,873,3.41
153,analytics-ingest,376.9,943,3.75
156,analytics-ingest,350.9,899,4.07
159,analytics-ingest,346.7,914,4.4
162,analytics-ingest,380.9,919,4.95
165,analytics-ingest,453.7,858,5.26
168,analytics-ingest,453.5,911,5.7
171,analytics-ingest,514.5,939,6.05
174,analytics-ingest,482.7,913,6.49
177,analytics-ingest,493.5,859,6.97
180,analytics-ingest,604.1,931,7.39
183,analytics-ingest,500.6,895,7.85
186,analytics-ingest,651.7,846,8.37
189,analytics-ingest,600.1,793,8.87
192,analytics-ingest,616.4,854,9.39
195,analytics-ingest,587.4,859,9.97
198,analytics-ingest,624.9,807,10.32
201,analytics-ingest,648.5,893,10.95
204,analytics-ingest,709.0,853,11.55
207,analytics-ingest,850.7,835,12.12
210,analytics-ingest,733.7,756,12.62
213,analytics-ingest,805.1,776,13.26
216,analytics-ingest,818.6,802,13.9
219,analytics-ingest,820.3,670,14.41
222,analytics-ingest,853.3,769,15.06
225,analytics-ingest,902.6,781,15.74
228,analytics-ingest,1000.2,759,16.44
231,analytics-ingest,918.4,750,17.06
234,analytics-ingest,937.3,719,17.76
237,analytics-ingest,927.7,759,18.13
240,analytics-ingest,991.6,769,18.22
243,analytics-ingest,949.3,762,18.22
246,analytics-ingest,994.0,743,18.17
249,analytics-ingest,984.9,783,18.2
252,analytics-ingest,979.1,810,18.22
255,analytics-ingest,1015.3,783,18.15
258,analytics-ingest,1016.9,687,18.17
261,analytics-ingest,1013.9,660,18.15
264,analytics-ingest,995.4,678,18.2
267,analytics-ingest,985.9,738,18.04
270,analytics-ingest,996.4,785,18.19
273,analytics-ingest,1026.0,720,18.23
276,analytics-ingest,1013.3,745,18.23
279,analytics-ingest,985.1,735,18.18
282,analytics-ingest,981.5,792,18.28
285,analytics-ingest,998.4,781,18.16
288,analytics-ingest,962.9,684,18.23
291,analytics-ingest,922.2,778,18.2
294,analytics-ingest,946.0,696,18.27
297,analytics-ingest,1013.7,759,18.11
300,analytics-ingest,1011.4,737,18.16
303,analytics-ingest,938.1,749,18.24
306,analytics-ingest,991.0,776,18.21
309,analytics-ingest,935.3,796,18.18
312,analytics-ingest,980.7,803,18.22
315,analytics-ingest,1001.6,705,18.16
318,analytics-ingest,996.9,700,18.19
321,analytics-ingest,971.2,779,18.08
324,analytics-ingest,1010.9,707,18.21
327,analytics-ingest,1070.9,758,18.2
330,analytics-ingest,952.8,883,18.19
333,analytics-ingest,1003.0,679,18.11
336,analytics-ingest,1043.4,778,18.16
339,analytics-ingest,958.6,747,18.12
342,analytics-ingest,970.1,738,18.17
345,analytics-ingest,1020.7,755,18.07
348,analytics-ingest,983.1,701,18.2
351,analytics-ingest,1017.5,682,18.14
354,analytics-ingest,997.3,702,18.19
357,analytics-ingest,1036.9,763,18.16
360,analytics-ingest,1078.0,863,18.17
0,cdn-edge,25.6,784,0.56
3,cdn-edge,25.0,807,0.67
6,cdn-edge,25.5,806,0.56
9,cdn-edge,25.4,765,0.6
12,cdn-edge,24.9,869,0.6
15,cdn-edge,24.0,804,0.65
18,cdn-edge,25.6,856,0.61
21,cdn-edge,24.9,786,0.67
24,cdn-edge,24.7,885,0.57
27,cdn-edge,26.7,795,0.51
30,cdn-edge,24.6,811,0.61
33,cdn-edge,25.5,767,0.54
36,cdn-edge,22.9,800,0.57
39,cdn-edge,24.1,880,0.6
42,cdn-edge,23.7,885,0.62
45,cdn-edge,25.3,816,0.68
48,cdn-edge,26.2,787,0.59
51,cdn-edge,23.8,869,0.53
54,cdn-edge,24.0,806,0.6
57,cdn-edge,23.4,832,0.47
60,cdn-edge,26.3,720,0.59
63,cdn-edge,25.4,811,0.63
66,cdn-edge,26.7,876,0.64
69,cdn-edge,25.5,816,0.59
72,cdn-edge,26.7,829,0.46
75,cdn-edge,22.5,906,0.54
78,cdn-edge,24.1,871,0.62
81,cdn-edge,25.8,838,0.47
84,cdn-edge,28.3,816,0.63
87,cdn-edge,25.2,809,0.57
90,cdn-edge,24.7,900,0.51
93,cdn-edge,25.6,907,0.55
96,cdn-edge,25.1,783,0.66
99,cdn-edge,23.3,858,0.48
102,cdn-edge,23.7,841,0.52
105,cdn-edge,24.6,776,0.58
108,cdn-edge,23.2,787,0.59
111,cdn-edge,22.1,858,0.54
114,cdn-edge,27.4,810,0.53
117,cdn-edge,25.2,873,0.46
120,cdn-edge,24.0,1217,0.53
123,cdn-edge,41.3,1098,0.56
126,cdn-edge,55.5,1183,0.5
129,cdn-edge,63.8,1156,0.55
132,cdn-edge,62.7,1124,0.53
135,cdn-edge,55.1,1182,0.6
138,cdn-edge,38.9,1181,0.56
141,cdn-edge,25.9,821,0.67
144,cdn-edge,25.3,833,0.66
147,cdn-edge,26.2,802,0.6
150,cdn-edge,23.1,821,0.59
153,cdn-edge,25.2,825,0.53
156,cdn-edge,25.6,855,0.54
159,cdn-edge,25.0,852,0.6
162,cdn-edge,25.5,851,0.61
165,cdn-edge,26.1,851,0.55
168,cdn-edge,25.5,804,0.55
171,cdn-edge,25.5,834,0.54
174,cdn-edge,25.8,800,0.6
177,cdn-edge,23.0,886,0.6
180,cdn-edge,25.7,832,0.51
183,cdn-edge,22.5,835,0.56
186,cdn-edge,25.5,875,0.6
189,cdn-edge,23.6,858,0.55
192,cdn-edge,25.6,856,0.55
195,cdn-edge,27.2,817,0.58
198,cdn-edge,26.9,839,0.54
201,cdn-edge,24.5,841,0.56
204,cdn-edge,24.2,871,0.57
207,cdn-edge,27.6,825,0.53
210,cdn-edge,24.6,870,0.55
213,cdn-edge,26.7,832,0.6
216,cdn-edge,23.9,833,0.58
219,cdn-edge,26.6,812,0.5
222,cdn-edge,23.3,803,0.61
225,cdn-edge,23.7,791,0.56
228,cdn-edge,25.0,828,0.51
231,cdn-edge,24.5,871,0.6
234,cdn-edge,25.6,800,0.56
237,cdn-edge,23.1,855,0.62
240,cdn-edge,24.7,816,0.54
243,cdn-edge,24.8,901,0.54
246,cdn-edge,25.3,869,0.57
249,cdn-edge,23.0,846,0.65
252,cdn-edge,25.2,830,0.58
255,cdn-edge,21.8,845,0.55
258,cdn-edge,23.6,883,0.53
261,cdn-edge,25.1,780,0.6
264,cdn-edge,22.9,841,0.58
267,cdn-edge,26.1,777,0.56
270,cdn-edge,23.8,861,0.49
273,cdn-edge,24.4,852,0.59
276,cdn-edge,22.7,878,0.58
279,cdn-edge,26.5,814,0.58
282,cdn-edge,25.3,813,0.69
285,cdn-edge,24.6,846,0.55
288,cdn-edge,24.2,825,0.54
291,cdn-edge,23.6,833,0.56
294,cdn-edge,28.2,824,0.55
297,cdn-edge,25.9,904,0.5
300,cdn-edge,26.8,787,0.55
303,cdn-edge,22.9,812,0.51
306,cdn-edge,24.1,817,0.57
309,cdn-edge,25.4,843,0.57
312,cdn-edge,26.9,838,0.64
315,cdn-edge,25.2,805,0.51
318,cdn-edge,20.8,814,0.52
321,cdn-edge,25.0,885,0.47
324,cdn-edge,26.0,768,0.49
327,cdn-edge,28.4,863,0.43
330,cdn-edge,27.0,822,0.65
333,cdn-edge,23.6,840,0.58
336,cdn-edge,21.9,837,0.62
339,cdn-edge,23.6,853,0.61
342,cdn-edge,25.0,879,0.61
345,cdn-edge,27.4,842,0.63
348,cdn-edge,24.8,860,0.6
351,cdn-edge,25.7,862,0.56
354,cdn-edge,24.5,757,0.59
357,cdn-edge,23.2,799,0.56
360,cdn-edge,26.0,855,0.6
0,cache-gateway,19.8,438,0.22
3,cache-gateway,21.8,467,0.24
6,cache-gateway,18.5,406,0.22
9,cache-gateway,18.9,438,0.28
12,cache-gateway,21.0,435,0.28
15,cache-gateway,19.6,465,0.35
18,cache-gateway,19.1,438,0.26
21,cache-gateway,19.7,419,0.21
24,cache-gateway,19.7,452,0.34
27,cache-gateway,21.1,435,0.34
30,cache-gateway,19.9,429,0.2
33,cache-gateway,21.4,453,0.22
36,cache-gateway,18.5,475,0.28
39,cache-gateway,18.7,425,0.3
42,cache-gateway,21.3,449,0.35
45,cache-gateway,20.9,441,0.33
48,cache-gateway,19.4,419,0.2
51,cache-gateway,20.9,416,0.28
54,cache-gateway,20.1,424,0.25
57,cache-gateway,21.2,467,0.25
60,cache-gateway,19.1,473,0.27
63,cache-gateway,19.3,424,0.31
66,cache-gateway,19.9,434,0.2
69,cache-gateway,19.1,456,0.29
72,cache-gateway,21.2,395,0.24
75,cache-gateway,20.4,446,0.37
78,cache-gateway,20.2,412,0.23
81,cache-gateway,18.4,461,0.26
84,cache-gateway,19.2,456,0.34
87,cache-gateway,19.6,420,0.28
90,cache-gateway,18.0,442,0.3
93,cache-gateway,20.2,447,0.27
96,cache-gateway,20.2,461,0.27
99,cache-gateway,21.9,450,0.26
102,cache-gateway,19.9,417,0.33
105,cache-gateway,23.3,426,0.28
108,cache-gateway,20.6,434,0.26
111,cache-gateway,20.8,400,0.22
114,cache-gateway,20.3,433,0.28
117,cache-gateway,20.7,457,0.22
120,cache-gateway,19.2,455,0.27
123,cache-gateway,20.2,458,0.18
126,cache-gateway,21.8,436,0.2
129,cache-gateway,21.5,470,0.34
132,cache-gateway,19.7,447,0.3
135,cache-gateway,18.4,487,0.22
138,cache-gateway,22.5,431,0.28
141,cache-gateway,19.7,462,0.36
144,cache-gateway,20.2,418,0.23
147,cache-gateway,20.8,383,0.19
150,cache-gateway,20.0,438,0.24
153,cache-gateway,19.5,394,0.25
156,cache-gateway,19.8,438,0.3
159,cache-gateway,17.7,465,0.16
162,cache-gateway,20.6,422,0.32
165,cache-gateway,20.7,427,0.25
168,cache-gateway,18.0,430,0.23
171,cache-gateway,18.9,407,0.27
174,cache-gateway,19.5,450,0.24
177,cache-gateway,18.2,414,0.27
180,cache-gateway,17.8,460,0.26
183,cache-gateway,19.8,434,0.3
186,cache-gateway,20.8,415,0.23
189,cache-gateway,22.4,386,0.22
192,cache-gateway,18.9,451,0.28
195,cache-gateway,20.4,413,0.28
198,cache-gateway,18.8,419,0.23
201,cache-gateway,19.1,410,0.28
204,cache-gateway,20.4,414,0.25
207,cache-gateway,20.5,435,0.34
210,cache-gateway,19.7,438,0.3
213,cache-gateway,18.8,408,0.2
216,cache-gateway,20.5,427,0.28
219,cache-gateway,20.1,436,0.3
222,cache-gateway,19.5,448,0.3
225,cache-gateway,18.3,426,0.35
228,cache-gateway,24.3,431,0.27
231,cache-gateway,18.0,434,0.26
234,cache-gateway,19.3,470,0.28
237,cache-gateway,18.8,408,0.31
240,cache-gateway,19.2,411,0.18
243,cache-gateway,19.8,444,0.31
246,cache-gateway,20.3,467,0.21
249,cache-gateway,20.2,440,0.19
252,cache-gateway,19.8,408,0.28
255,cache-gateway,19.0,446,0.35
258,cache-gateway,19.7,417,0.21
261,cache-gateway,27.1,584,0.31
264,cache-gateway,45.8,642,0.36
267,cache-gateway,52.0,614,0.23
270,cache-gateway,46.1,620,0.2
273,cache-gateway,34.2,586,0.26
276,cache-gateway,22.1,437,0.29
279,cache-gateway,19.7,450,0.26
282,cache-gateway,18.9,410,0.19
285,cache-gateway,18.5,446,0.26
288,cache-gateway,18.9,448,0.28
291,cache-gateway,20.5,410,0.25
294,cache-gateway,20.4,426,0.32
297,cache-gateway,20.9,464,0.28
300,cache-gateway,19.2,432,0.38
303,cache-gateway,21.3,428,0.3
306,cache-gateway,19.8,425,0.32
309,cache-gateway,20.5,452,0.36
312,cache-gateway,19.4,438,0.32
315,cache-gateway,21.0,423,0.27
318,cache-gateway,22.3,419,0.29
321,cache-gateway,20.6,401,0.3
324,cache-gateway,18.4,436,0.33
327,cache-gateway,19.4,399,0.27
330,cache-gateway,20.0,434,0.28
333,cache-gateway,20.3,400,0.32
336,cache-gateway,17.4,424,0.31
339,cache-gateway,19.1,400,0.23
342,cache-gateway,19.4,475,0.19
345,cache-gateway,20.5,427,0.23
348,cache-gateway,18.3,406,0.29
351,cache-gateway,20.8,460,0.22
354,cache-gateway,17.5,444,0.29
357,cache-gateway,21.4,391,0.34
360,cache-gateway,20.2,475,0.26
